phi_true,tv_mean,tv_std,kld_mean,kld_std,tw_tv_mean,tw_tv_std
0.2,0.003006292295564587,0.001983339509701863,1.7873799880345662,0.21289248361540275,3.782738613153924e-05,2.4023724002158563e-05
0.844444,0.009805475029861555,0.007428927019666501,1.106224603454272,0.4796325766347979,5.092714248651949e-06,6.0594120625589756e-06
1.488889,0.015202601248650657,0.011196385435866908,1.4991879165172577,0.4350826163697361,1.9032419875960234e-06,1.4257954892218625e-06
2.133333,0.016636556011265687,0.013448297897445217,1.4511642197767893,0.42345560111060027,1.844499430658786e-06,1.5448780398332222e-06
2.777778,0.016768824637013797,0.014343865489795195,1.5316481192906697,0.41174124893984426,1.740436351009104e-06,1.5213315736756498e-06
3.422222,0.016370788156442963,0.013811152602219021,1.5362144490083058,0.42425873208244835,1.6562303862599491e-06,1.4284445765721992e-06
4.066667,0.014386744350971033,0.013566680322428654,1.6363208611806235,0.4064063279845522,1.4485046616385943e-06,1.414914605690967e-06
4.711111,0.012139030095810691,0.014337552895476122,1.4674555738766988,0.4271150732423194,1.2155864524743264e-06,1.4631941890147945e-06
5.355556,0.010798878369678277,0.014634346227999773,1.5367288847764333,0.47725986470039533,1.084183913491188e-06,1.4940062788449534e-06
6.0,0.010725035799017254,0.014671412937223223,1.5240124861399333,0.4376038741451042,1.0750333120294422e-06,1.4936852688163008e-06
